geneid,log2foldchage,padj
1,132.9089866,7.103067641
2,134.7702268,5.267088883
3,168.513122,8.055823851
4,94.5575291,0.18644932
5,268.6730535,0.051709553
6,287.1062562,5.082412209
7,299.9474343,9.607781077
8,73.80503785,6.221676871
9,19.33062402,0.315348001
10,216.9827347,6.182530118
11,296.0438787,9.894520341
12,277.1818629,0.974647365
13,33.21072118,8.383896915
14,89.12321997,7.559746882
